﻿<?xml version="1.0" encoding="utf-8"?><Defs>

  <SoundDef>
    <defName>Pawn_Melee_Punch_HitPawn</defName>  
    <context>MapOnly</context>
    <eventNames />  
    <maxSimultaneous>1</maxSimultaneous>  
    <subSounds>
      <li>
        <grains>
          <li Class="AudioGrain_Folder">
            <clipFolderPath>Impact/PunchHitPawn</clipFolderPath>
          </li>
        </grains>      
        <volumeRange>
          <min>30.51151</min>        
          <max>42.93479</max>
        </volumeRange>      
        <pitchRange>
          <min>1</min>        
          <max>1.14837</max>
        </pitchRange>
      </li>
    </subSounds>
  </SoundDef>

  <SoundDef>
    <defName>Pawn_Melee_Punch_Miss</defName>  
    <context>MapOnly</context>
    <eventNames />  
    <maxSimultaneous>1</maxSimultaneous>  
    <subSounds>
      <li>
        <grains>
          <li Class="AudioGrain_Folder">
            <clipFolderPath>Impact/PunchMiss</clipFolderPath>
          </li>
        </grains>      
        <volumeRange>
          <min>25.80563</min>        
          <max>31.16368</max>
        </volumeRange>      
        <pitchRange>
          <min>1.446356</min>        
          <max>2</max>
        </pitchRange>      
        <sustainLoop>False</sustainLoop>
      </li>
    </subSounds>
  </SoundDef>

  <SoundDef>
    <defName>Pawn_Melee_BigBash_HitPawn</defName>  
    <context>MapOnly</context>
    <eventNames />  
    <maxVoices>2</maxVoices>  
    <subSounds>
      <li>
        <grains>
          <li Class="AudioGrain_Folder">
            <clipFolderPath>Pawn/Animal/Melee_Big/Hit_Pawn</clipFolderPath>
          </li>
        </grains>      
        <volumeRange>
          <min>20</min>        
          <max>20</max>
        </volumeRange>      
        <pitchRange>
          <min>0.9311765</min>        
          <max>1.137647</max>
        </pitchRange>      
        <sustainLoop>False</sustainLoop>
      </li>
    </subSounds>
  </SoundDef>

  <SoundDef>
    <defName>MeleeHit_Metal_Sharp</defName>  
    <context>MapOnly</context>
    <eventNames />  
    <maxSimultaneous>2</maxSimultaneous>  
    <subSounds>
      <li>
        <grains>
          <li Class="AudioGrain_Folder">
            <clipFolderPath>Impact/MeleeHit_Metal_Sharp</clipFolderPath>
          </li>
        </grains>      
        <volumeRange>
          <min>25.81395</min>        
          <max>25.81395</max>
        </volumeRange>      
        <pitchRange>
          <min>1</min>        
          <max>1.14837</max>
        </pitchRange>      
        <distRange>
          <min>0</min>        
          <max>70</max>
        </distRange>
      </li>
    </subSounds>
  </SoundDef>

  <SoundDef>
    <defName>MeleeHit_Metal_Blunt</defName>  
    <context>MapOnly</context>
    <eventNames />  
    <maxSimultaneous>2</maxSimultaneous>  
    <subSounds>
      <li>
        <grains>
          <li Class="AudioGrain_Folder">
            <clipFolderPath>Impact/MeleeHit_Metal_Blunt</clipFolderPath>
          </li>
        </grains>      
        <volumeRange>
          <min>20</min>        
          <max>20</max>
        </volumeRange>      
        <pitchRange>
          <min>1</min>        
          <max>1.14837</max>
        </pitchRange>      
        <distRange>
          <min>0</min>        
          <max>70</max>
        </distRange>
      </li>
    </subSounds>
  </SoundDef>

  <SoundDef>
    <defName>MeleeHit_Stone</defName>  
    <context>MapOnly</context>
    <eventNames />  
    <maxSimultaneous>2</maxSimultaneous>  
    <subSounds>
      <li>
        <grains>
          <li Class="AudioGrain_Folder">
            <clipFolderPath>Impact/MeleeHit_Stone</clipFolderPath>
          </li>
        </grains>      
        <volumeRange>
          <min>16.51163</min>        
          <max>20</max>
        </volumeRange>      
        <pitchRange>
          <min>0.9543775</min>        
          <max>1.193992</max>
        </pitchRange>      
        <distRange>
          <min>0</min>        
          <max>70</max>
        </distRange>
      </li>
    </subSounds>
  </SoundDef>

  <SoundDef>
    <defName>MeleeHit_Wood</defName>  
    <context>MapOnly</context>
    <eventNames />  
    <maxSimultaneous>2</maxSimultaneous>  
    <subSounds>
      <li>
        <grains>
          <li Class="AudioGrain_Folder">
            <clipFolderPath>Impact/MeleeHit_Wood</clipFolderPath>
          </li>
        </grains>      
        <volumeRange>
          <min>15.34884</min>        
          <max>15.34884</max>
        </volumeRange>      
        <pitchRange>
          <min>1</min>        
          <max>1.14837</max>
        </pitchRange>      
        <distRange>
          <min>0</min>        
          <max>70</max>
        </distRange>
      </li>
    </subSounds>
  </SoundDef>

</Defs>
