<?xml version="1.0" encoding="utf-8" ?>

<Patch>

	<Operation Class="PatchOperationReplace">
	    <xpath>*/ThingDef[defName = "Human"]/race/lifeStageAges</xpath>
	    <value>
			<lifeStageAges>
			  <li>
				<def>HumanlikeBaby</def>
				<minAge>0</minAge>
				<soundWounded>Pawn_Human_Wounded</soundWounded>
				<soundDeath>Pawn_Human_Death</soundDeath>
				<soundCall>Pawn_Human_Wounded</soundCall>
				<soundAngry>Pawn_Human_Wounded</soundAngry>
			 </li>
			  <li>
				<def>HumanlikeToddler</def>
				<minAge>1.2</minAge>
				<soundWounded>Pawn_Human_Wounded</soundWounded>
				<soundDeath>Pawn_Human_Death</soundDeath>
				<soundCall>Pawn_Human_Wounded</soundCall>
				<soundAngry>Pawn_Human_Wounded</soundAngry>
			 </li>
			  <li>
				<def>HumanlikeChild</def>
				<minAge>4</minAge>
				<soundWounded>Pawn_Human_Wounded</soundWounded>
				<soundDeath>Pawn_Human_Death</soundDeath>
				<soundCall>Pawn_Human_Wounded</soundCall>
				<soundAngry>Pawn_Human_Wounded</soundAngry>
			 </li>
			  <li>
				<def>HumanlikeTeenager</def>
				<minAge>14</minAge>
				<soundWounded>Pawn_Human_Wounded</soundWounded>
				<soundDeath>Pawn_Human_Death</soundDeath>
				<soundCall>Pawn_Human_Wounded</soundCall>
				<soundAngry>Pawn_Human_Wounded</soundAngry>
			 </li>
			  <li>
				<def>HumanlikeAdult</def>
				<minAge>18</minAge>
				<soundWounded>Pawn_Human_Wounded</soundWounded>
				<soundDeath>Pawn_Human_Death</soundDeath>
				<soundCall>Pawn_Human_Wounded</soundCall>
				<soundAngry>Pawn_Human_Wounded</soundAngry>
			 </li>
			</lifeStageAges>
	    </value>
	</Operation>
	
	<Operation Class="PatchOperationReplace">
	    <xpath>*/ThingDef[@Name = "ThingBaseFox"]/race/lifeStageAges</xpath>
	    <value>
			<lifeStageAges>
			<li>
				<def>AnimalBaby</def>
				<minAge>0</minAge>
			 </li>
			<li>
				<def>AnimalJuvenile</def>
				<minAge>0.15</minAge>
			 </li>
			<li>
				<def>AnimalAdult</def>
				<minAge>0.35</minAge>
				<soundWounded>Pawn_Warg_Wounded</soundWounded>
				<soundDeath>Pawn_Warg_Death</soundDeath>
				<soundCall>Pawn_Warg_Call</soundCall>
				<soundAngry>Pawn_Warg_Angry</soundAngry>
			 </li>
			</lifeStageAges>
	    </value>
	</Operation>

</Patch>




